{
    "RMSE": 8243.503973813784,
    "MAE": 5749.016041352094,
    "R2": 0.9650240530089602
}